{
    "1": {
        "mean": 0.5518041237113401,
        "max": 0.6145833333333334,
        "min": 0.4791666666666667
    },
    "2": {
        "mean": 0.5543595967139656,
        "max": 0.6407766990291263,
        "min": 0.5
    },
    "5": {
        "mean": 0.5379832474226804,
        "max": 0.6145833333333334,
        "min": 0.4583333333333333
    },
    "9": {
        "mean": 0.5499199267902082,
        "max": 0.6344086021505376,
        "min": 0.4787234042553192
    },
    "21": {
        "mean": 0.5414254385964912,
        "max": 0.6105263157894737,
        "min": 0.4
    },
    "31": {
        "mean": 0.5393640350877192,
        "max": 0.6,
        "min": 0.4631578947368421
    },
    "34": {
        "mean": 0.5479026217228464,
        "max": 0.6111111111111112,
        "min": 0.5
    },
    "39": {
        "mean": 0.5508489388264668,
        "max": 0.6179775280898876,
        "min": 0.5
    }
}