{
    "1": {
        "mean": 0.5493055555555555,
        "max": 0.6625,
        "min": 0.4625
    },
    "2": {
        "mean": 0.5458166265704357,
        "max": 0.627906976744186,
        "min": 0.4418604651162791
    },
    "5": {
        "mean": 0.5424382716049382,
        "max": 0.6375,
        "min": 0.4875
    },
    "9": {
        "mean": 0.5546120546120547,
        "max": 0.6153846153846154,
        "min": 0.47435897435897434
    },
    "21": {
        "mean": 0.5360284810126581,
        "max": 0.5949367088607594,
        "min": 0.4875
    },
    "31": {
        "mean": 0.5422943037974683,
        "max": 0.620253164556962,
        "min": 0.4625
    },
    "34": {
        "mean": 0.5506666666666666,
        "max": 0.6133333333333333,
        "min": 0.48
    },
    "39": {
        "mean": 0.5528468468468468,
        "max": 0.64,
        "min": 0.48
    }
}