{
    "1": {
        "mean": 0.559037558685446,
        "max": 0.6388888888888888,
        "min": 0.5
    },
    "2": {
        "mean": 0.5341491841491841,
        "max": 0.6025641025641025,
        "min": 0.46153846153846156
    },
    "5": {
        "mean": 0.564612676056338,
        "max": 0.6388888888888888,
        "min": 0.5
    },
    "9": {
        "mean": 0.5514486921529175,
        "max": 0.6056338028169014,
        "min": 0.4647887323943662
    },
    "21": {
        "mean": 0.5424882629107981,
        "max": 0.6111111111111112,
        "min": 0.4583333333333333
    },
    "31": {
        "mean": 0.536189358372457,
        "max": 0.6111111111111112,
        "min": 0.4722222222222222
    },
    "34": {
        "mean": 0.5527875329236173,
        "max": 0.6716417910447762,
        "min": 0.5
    },
    "39": {
        "mean": 0.5447322212467076,
        "max": 0.7014925373134329,
        "min": 0.45588235294117646
    }
}