{
    "1": {
        "mean": 0.5575,
        "max": 0.65,
        "min": 0.5
    },
    "2": {
        "mean": 0.5565406162464985,
        "max": 0.6309523809523809,
        "min": 0.5058823529411764
    },
    "5": {
        "mean": 0.5831012658227849,
        "max": 0.65,
        "min": 0.4430379746835443
    },
    "9": {
        "mean": 0.5758378378378378,
        "max": 0.7027027027027027,
        "min": 0.48
    },
    "21": {
        "mean": 0.536113886113886,
        "max": 0.5769230769230769,
        "min": 0.5
    },
    "31": {
        "mean": 0.5602064602064603,
        "max": 0.6623376623376623,
        "min": 0.4805194805194805
    },
    "34": {
        "mean": 0.5519437245464642,
        "max": 0.6351351351351351,
        "min": 0.4383561643835616
    },
    "39": {
        "mean": 0.5452792792792793,
        "max": 0.6216216216216216,
        "min": 0.49333333333333335
    }
}