{
    "1": {
        "mean": 0.5766596785464709,
        "max": 0.6666666666666666,
        "min": 0.4716981132075472
    },
    "2": {
        "mean": 0.5596491228070175,
        "max": 0.625,
        "min": 0.4642857142857143
    },
    "5": {
        "mean": 0.5509433962264152,
        "max": 0.6981132075471698,
        "min": 0.4716981132075472
    },
    "9": {
        "mean": 0.5692244897959184,
        "max": 0.66,
        "min": 0.46
    },
    "21": {
        "mean": 0.5772247360482654,
        "max": 0.6730769230769231,
        "min": 0.4807692307692308
    },
    "31": {
        "mean": 0.5734162895927601,
        "max": 0.6666666666666666,
        "min": 0.39215686274509803
    },
    "34": {
        "mean": 0.566857142857143,
        "max": 0.68,
        "min": 0.4
    },
    "39": {
        "mean": 0.5851836734693877,
        "max": 0.7346938775510204,
        "min": 0.46
    }
}