{
    "1": {
        "mean": 0.54375,
        "max": 0.84375,
        "min": 0.375
    },
    "2": {
        "mean": 0.6657983193277313,
        "max": 0.7714285714285715,
        "min": 0.5428571428571428
    },
    "5": {
        "mean": 0.5340725806451612,
        "max": 0.625,
        "min": 0.3870967741935484
    },
    "9": {
        "mean": 0.5152217741935484,
        "max": 0.65625,
        "min": 0.3870967741935484
    },
    "21": {
        "mean": 0.534375,
        "max": 0.6875,
        "min": 0.375
    },
    "31": {
        "mean": 0.509375,
        "max": 0.71875,
        "min": 0.375
    },
    "34": {
        "mean": 0.5933333333333334,
        "max": 0.7,
        "min": 0.5333333333333333
    },
    "39": {
        "mean": 0.5833333333333333,
        "max": 0.7,
        "min": 0.5
    }
}