{
    "1": {
        "mean": 0.5335493827160493,
        "max": 0.6296296296296297,
        "min": 0.475
    },
    "2": {
        "mean": 0.5527310924369748,
        "max": 0.5952380952380952,
        "min": 0.4880952380952381
    },
    "5": {
        "mean": 0.5640981012658227,
        "max": 0.620253164556962,
        "min": 0.525
    },
    "9": {
        "mean": 0.5568828828828829,
        "max": 0.6621621621621622,
        "min": 0.4533333333333333
    },
    "21": {
        "mean": 0.5474358974358975,
        "max": 0.6666666666666666,
        "min": 0.46153846153846156
    },
    "31": {
        "mean": 0.5341991341991342,
        "max": 0.5974025974025974,
        "min": 0.4805194805194805
    },
    "34": {
        "mean": 0.5708648648648649,
        "max": 0.6756756756756757,
        "min": 0.4594594594594595
    },
    "39": {
        "mean": 0.5638558558558558,
        "max": 0.6133333333333333,
        "min": 0.5135135135135135
    }
}