{
    "1": {
        "mean": 0.54875,
        "max": 0.59375,
        "min": 0.4875
    },
    "2": {
        "mean": 0.5517857142857142,
        "max": 0.6428571428571429,
        "min": 0.4880952380952381
    },
    "5": {
        "mean": 0.5243093702730673,
        "max": 0.5759493670886076,
        "min": 0.49056603773584906
    },
    "9": {
        "mean": 0.5565771812080538,
        "max": 0.610738255033557,
        "min": 0.5100671140939598
    },
    "21": {
        "mean": 0.5729032258064516,
        "max": 0.6903225806451613,
        "min": 0.5161290322580645
    },
    "31": {
        "mean": 0.5456514453288646,
        "max": 0.6103896103896104,
        "min": 0.5
    },
    "34": {
        "mean": 0.5301617944475085,
        "max": 0.6013513513513513,
        "min": 0.4594594594594595
    },
    "39": {
        "mean": 0.5533783783783783,
        "max": 0.6081081081081081,
        "min": 0.47297297297297297
    }
}