{
    "1": {
        "mean": 0.5369307170542637,
        "max": 0.5891472868217055,
        "min": 0.4765625
    },
    "2": {
        "mean": 0.5384929154143409,
        "max": 0.5661764705882353,
        "min": 0.5147058823529411
    },
    "5": {
        "mean": 0.5337782972440944,
        "max": 0.5905511811023622,
        "min": 0.48031496062992124
    },
    "9": {
        "mean": 0.5444355591096894,
        "max": 0.5853658536585366,
        "min": 0.4959349593495935
    },
    "21": {
        "mean": 0.5334349206349206,
        "max": 0.584,
        "min": 0.46825396825396826
    },
    "31": {
        "mean": 0.53855873015873,
        "max": 0.5952380952380952,
        "min": 0.4603174603174603
    },
    "34": {
        "mean": 0.5415056022408964,
        "max": 0.6083333333333333,
        "min": 0.4789915966386555
    },
    "39": {
        "mean": 0.5389985994397758,
        "max": 0.5630252100840336,
        "min": 0.5126050420168067
    }
}