{
    "1": {
        "mean": 0.5735975609756098,
        "max": 0.725,
        "min": 0.45
    },
    "2": {
        "mean": 0.5496677740863787,
        "max": 0.6904761904761905,
        "min": 0.42857142857142855
    },
    "5": {
        "mean": 0.5757692307692308,
        "max": 0.7,
        "min": 0.45
    },
    "9": {
        "mean": 0.5999288762446657,
        "max": 0.7105263157894737,
        "min": 0.4473684210526316
    },
    "21": {
        "mean": 0.5936572199730094,
        "max": 0.717948717948718,
        "min": 0.46153846153846156
    },
    "31": {
        "mean": 0.5999325236167341,
        "max": 0.7692307692307693,
        "min": 0.4473684210526316
    },
    "34": {
        "mean": 0.5902560455192034,
        "max": 0.8108108108108109,
        "min": 0.43243243243243246
    },
    "39": {
        "mean": 0.6075391180654338,
        "max": 0.7027027027027027,
        "min": 0.5135135135135135
    }
}