{
    "1": {
        "mean": 0.5323148148148148,
        "max": 0.6125,
        "min": 0.4625
    },
    "2": {
        "mean": 0.557717086834734,
        "max": 0.6547619047619048,
        "min": 0.5119047619047619
    },
    "5": {
        "mean": 0.568623417721519,
        "max": 0.625,
        "min": 0.4810126582278481
    },
    "9": {
        "mean": 0.5617117117117117,
        "max": 0.7027027027027027,
        "min": 0.49333333333333335
    },
    "21": {
        "mean": 0.536097236097236,
        "max": 0.5769230769230769,
        "min": 0.5
    },
    "31": {
        "mean": 0.5401931401931401,
        "max": 0.5844155844155844,
        "min": 0.47435897435897434
    },
    "34": {
        "mean": 0.5689189189189189,
        "max": 0.6216216216216216,
        "min": 0.4864864864864865
    },
    "39": {
        "mean": 0.547981981981982,
        "max": 0.6216216216216216,
        "min": 0.49333333333333335
    }
}