{
    "1": {
        "mean": 0.5350786163522012,
        "max": 0.60625,
        "min": 0.4875
    },
    "2": {
        "mean": 0.5369760479041916,
        "max": 0.5808383233532934,
        "min": 0.5
    },
    "5": {
        "mean": 0.5343842050792134,
        "max": 0.6037735849056604,
        "min": 0.46540880503144655
    },
    "9": {
        "mean": 0.5573736017897091,
        "max": 0.6241610738255033,
        "min": 0.5133333333333333
    },
    "21": {
        "mean": 0.532316715542522,
        "max": 0.5909090909090909,
        "min": 0.45806451612903226
    },
    "31": {
        "mean": 0.5229618768328446,
        "max": 0.5870967741935483,
        "min": 0.44155844155844154
    },
    "34": {
        "mean": 0.53291046148189,
        "max": 0.5918367346938775,
        "min": 0.4897959183673469
    },
    "39": {
        "mean": 0.5325289575289576,
        "max": 0.6326530612244898,
        "min": 0.43243243243243246
    }
}