{
    "1": {
        "mean": 0.5614319890635681,
        "max": 0.6493506493506493,
        "min": 0.4675324675324675
    },
    "2": {
        "mean": 0.5528906955736225,
        "max": 0.6419753086419753,
        "min": 0.45121951219512196
    },
    "5": {
        "mean": 0.5355263157894736,
        "max": 0.5789473684210527,
        "min": 0.47368421052631576
    },
    "9": {
        "mean": 0.5514994446501296,
        "max": 0.6351351351351351,
        "min": 0.47297297297297297
    },
    "21": {
        "mean": 0.5431228070175439,
        "max": 0.5866666666666667,
        "min": 0.49333333333333335
    },
    "31": {
        "mean": 0.5602280701754385,
        "max": 0.6447368421052632,
        "min": 0.48
    },
    "34": {
        "mean": 0.5507042253521126,
        "max": 0.6338028169014085,
        "min": 0.4084507042253521
    },
    "39": {
        "mean": 0.5535211267605634,
        "max": 0.647887323943662,
        "min": 0.5070422535211268
    }
}