{
    "1": {
        "mean": 0.5524228395061728,
        "max": 0.6296296296296297,
        "min": 0.4567901234567901
    },
    "2": {
        "mean": 0.549960815047022,
        "max": 0.5977011494252874,
        "min": 0.47126436781609193
    },
    "5": {
        "mean": 0.5425925925925926,
        "max": 0.5802469135802469,
        "min": 0.4691358024691358
    },
    "9": {
        "mean": 0.5520886075949366,
        "max": 0.5949367088607594,
        "min": 0.4936708860759494
    },
    "21": {
        "mean": 0.5524537037037038,
        "max": 0.6666666666666666,
        "min": 0.45
    },
    "31": {
        "mean": 0.5469290123456789,
        "max": 0.6049382716049383,
        "min": 0.475
    },
    "34": {
        "mean": 0.5528245614035088,
        "max": 0.5921052631578947,
        "min": 0.4666666666666667
    },
    "39": {
        "mean": 0.5511052631578948,
        "max": 0.64,
        "min": 0.49333333333333335
    }
}