{
    "1": {
        "mean": 0.5760975609756097,
        "max": 0.725,
        "min": 0.45
    },
    "2": {
        "mean": 0.5605758582502769,
        "max": 0.7380952380952381,
        "min": 0.4523809523809524
    },
    "5": {
        "mean": 0.5757051282051282,
        "max": 0.7,
        "min": 0.45
    },
    "9": {
        "mean": 0.5972972972972973,
        "max": 0.6842105263157895,
        "min": 0.4473684210526316
    },
    "21": {
        "mean": 0.5936572199730094,
        "max": 0.717948717948718,
        "min": 0.48717948717948717
    },
    "31": {
        "mean": 0.5871120107962213,
        "max": 0.7692307692307693,
        "min": 0.4473684210526316
    },
    "34": {
        "mean": 0.581081081081081,
        "max": 0.6756756756756757,
        "min": 0.5135135135135135
    },
    "39": {
        "mean": 0.5796586059743954,
        "max": 0.7027027027027027,
        "min": 0.4864864864864865
    }
}