{
    "1": {
        "mean": 0.5440110826939472,
        "max": 0.6323529411764706,
        "min": 0.4852941176470588
    },
    "2": {
        "mean": 0.5442798963346908,
        "max": 0.5945945945945946,
        "min": 0.4864864864864865
    },
    "5": {
        "mean": 0.550618073316283,
        "max": 0.6176470588235294,
        "min": 0.5
    },
    "9": {
        "mean": 0.5475636523266023,
        "max": 0.6119402985074627,
        "min": 0.47761194029850745
    },
    "21": {
        "mean": 0.5492976294995611,
        "max": 0.6470588235294118,
        "min": 0.4852941176470588
    },
    "31": {
        "mean": 0.5529411764705883,
        "max": 0.6323529411764706,
        "min": 0.45588235294117646
    },
    "34": {
        "mean": 0.5462797619047619,
        "max": 0.65625,
        "min": 0.421875
    },
    "39": {
        "mean": 0.5517113095238095,
        "max": 0.6875,
        "min": 0.47619047619047616
    }
}