{
    "1": {
        "mean": 0.6166666666666666,
        "max": 0.75,
        "min": 0.46875
    },
    "2": {
        "mean": 0.582620320855615,
        "max": 0.7352941176470589,
        "min": 0.4117647058823529
    },
    "5": {
        "mean": 0.6142137096774194,
        "max": 0.75,
        "min": 0.5
    },
    "9": {
        "mean": 0.5912903225806451,
        "max": 0.6666666666666666,
        "min": 0.5333333333333333
    },
    "21": {
        "mean": 0.5725806451612904,
        "max": 0.7741935483870968,
        "min": 0.3870967741935484
    },
    "31": {
        "mean": 0.5870967741935483,
        "max": 0.7096774193548387,
        "min": 0.45161290322580644
    },
    "34": {
        "mean": 0.5989655172413793,
        "max": 0.6666666666666666,
        "min": 0.5333333333333333
    },
    "39": {
        "mean": 0.6177011494252874,
        "max": 0.8,
        "min": 0.5
    }
}