{
    "1": {
        "mean": 0.5560796645702306,
        "max": 0.6111111111111112,
        "min": 0.4444444444444444
    },
    "2": {
        "mean": 0.5428571428571428,
        "max": 0.5892857142857143,
        "min": 0.49122807017543857
    },
    "5": {
        "mean": 0.5725366876310273,
        "max": 0.660377358490566,
        "min": 0.4528301886792453
    },
    "9": {
        "mean": 0.571265306122449,
        "max": 0.68,
        "min": 0.48
    },
    "21": {
        "mean": 0.5375565610859728,
        "max": 0.5961538461538461,
        "min": 0.4230769230769231
    },
    "31": {
        "mean": 0.568552036199095,
        "max": 0.6346153846153846,
        "min": 0.45098039215686275
    },
    "34": {
        "mean": 0.5708571428571428,
        "max": 0.7,
        "min": 0.42
    },
    "39": {
        "mean": 0.5824489795918367,
        "max": 0.68,
        "min": 0.48
    }
}