{
    "1": {
        "mean": 0.5448951863354038,
        "max": 0.5875,
        "min": 0.4906832298136646
    },
    "2": {
        "mean": 0.5320548041701889,
        "max": 0.6035502958579881,
        "min": 0.49404761904761907
    },
    "5": {
        "mean": 0.5329795597484277,
        "max": 0.5786163522012578,
        "min": 0.48427672955974843
    },
    "9": {
        "mean": 0.5504563758389261,
        "max": 0.6133333333333333,
        "min": 0.52
    },
    "21": {
        "mean": 0.5475516956162118,
        "max": 0.5961538461538461,
        "min": 0.45161290322580644
    },
    "31": {
        "mean": 0.5422622538751571,
        "max": 0.6129032258064516,
        "min": 0.5064935064935064
    },
    "34": {
        "mean": 0.5442408851804824,
        "max": 0.6283783783783784,
        "min": 0.5067567567567568
    },
    "39": {
        "mean": 0.5289769635407219,
        "max": 0.581081081081081,
        "min": 0.4697986577181208
    }
}