{
    "1": {
        "mean": 0.740625,
        "max": 0.8125,
        "min": 0.6875
    },
    "2": {
        "mean": 0.7848739495798318,
        "max": 0.8285714285714286,
        "min": 0.7352941176470589
    },
    "5": {
        "mean": 0.7169354838709678,
        "max": 0.75,
        "min": 0.6774193548387096
    },
    "9": {
        "mean": 0.7483870967741936,
        "max": 0.78125,
        "min": 0.7096774193548387
    },
    "21": {
        "mean": 0.7375,
        "max": 0.78125,
        "min": 0.65625
    },
    "31": {
        "mean": 0.734375,
        "max": 0.78125,
        "min": 0.6875
    },
    "34": {
        "mean": 0.7266666666666668,
        "max": 0.8,
        "min": 0.6666666666666666
    },
    "39": {
        "mean": 0.7466666666666667,
        "max": 0.8,
        "min": 0.7
    }
}