{
    "1": {
        "mean": 0.571875,
        "max": 0.78125,
        "min": 0.46875
    },
    "2": {
        "mean": 0.661764705882353,
        "max": 0.7352941176470589,
        "min": 0.5294117647058824
    },
    "5": {
        "mean": 0.5788306451612903,
        "max": 0.8387096774193549,
        "min": 0.3870967741935484
    },
    "9": {
        "mean": 0.6608870967741935,
        "max": 0.8125,
        "min": 0.5625
    },
    "21": {
        "mean": 0.521875,
        "max": 0.65625,
        "min": 0.375
    },
    "31": {
        "mean": 0.515625,
        "max": 0.65625,
        "min": 0.375
    },
    "34": {
        "mean": 0.5799999999999998,
        "max": 0.6666666666666666,
        "min": 0.5333333333333333
    },
    "39": {
        "mean": 0.5933333333333333,
        "max": 0.7,
        "min": 0.5
    }
}