{
    "1": {
        "mean": 0.5136684782608695,
        "max": 0.577639751552795,
        "min": 0.425
    },
    "2": {
        "mean": 0.5456959706959708,
        "max": 0.6035502958579881,
        "min": 0.5119047619047619
    },
    "5": {
        "mean": 0.5128419811320755,
        "max": 0.58125,
        "min": 0.4088050314465409
    },
    "9": {
        "mean": 0.5477852348993288,
        "max": 0.6266666666666667,
        "min": 0.5066666666666667
    },
    "21": {
        "mean": 0.5160835401157982,
        "max": 0.5741935483870968,
        "min": 0.432258064516129
    },
    "31": {
        "mean": 0.5106493506493507,
        "max": 0.5612903225806452,
        "min": 0.432258064516129
    },
    "34": {
        "mean": 0.5084754217304552,
        "max": 0.6216216216216216,
        "min": 0.4189189189189189
    },
    "39": {
        "mean": 0.5424405949573735,
        "max": 0.5743243243243243,
        "min": 0.5167785234899329
    }
}