{
    "1": {
        "mean": 0.578125,
        "max": 0.78125,
        "min": 0.46875
    },
    "2": {
        "mean": 0.6763025210084034,
        "max": 0.7647058823529411,
        "min": 0.5294117647058824
    },
    "5": {
        "mean": 0.5946572580645161,
        "max": 0.8387096774193549,
        "min": 0.4375
    },
    "9": {
        "mean": 0.6608870967741935,
        "max": 0.8125,
        "min": 0.5625
    },
    "21": {
        "mean": 0.55625,
        "max": 0.65625,
        "min": 0.375
    },
    "31": {
        "mean": 0.596875,
        "max": 0.65625,
        "min": 0.53125
    },
    "34": {
        "mean": 0.5799999999999998,
        "max": 0.6666666666666666,
        "min": 0.5333333333333333
    },
    "39": {
        "mean": 0.5966666666666666,
        "max": 0.7,
        "min": 0.5
    }
}