{
    "1": {
        "mean": 0.5136762422360248,
        "max": 0.5714285714285714,
        "min": 0.425
    },
    "2": {
        "mean": 0.5427197802197802,
        "max": 0.6035502958579881,
        "min": 0.5
    },
    "5": {
        "mean": 0.5317099056603773,
        "max": 0.5911949685534591,
        "min": 0.5031446540880503
    },
    "9": {
        "mean": 0.5411006711409396,
        "max": 0.6266666666666667,
        "min": 0.5066666666666667
    },
    "21": {
        "mean": 0.5160835401157982,
        "max": 0.5741935483870968,
        "min": 0.432258064516129
    },
    "31": {
        "mean": 0.5080687054880604,
        "max": 0.5612903225806452,
        "min": 0.432258064516129
    },
    "34": {
        "mean": 0.5084754217304552,
        "max": 0.6216216216216216,
        "min": 0.4189189189189189
    },
    "39": {
        "mean": 0.5431117358969708,
        "max": 0.5743243243243243,
        "min": 0.5202702702702703
    }
}