{
    "1": {
        "mean": 0.5111762422360249,
        "max": 0.5714285714285714,
        "min": 0.425
    },
    "2": {
        "mean": 0.5403388278388278,
        "max": 0.6035502958579881,
        "min": 0.5
    },
    "5": {
        "mean": 0.5392570754716981,
        "max": 0.5911949685534591,
        "min": 0.5031446540880503
    },
    "9": {
        "mean": 0.5411006711409396,
        "max": 0.6266666666666667,
        "min": 0.5066666666666667
    },
    "21": {
        "mean": 0.5212448304383788,
        "max": 0.5741935483870968,
        "min": 0.432258064516129
    },
    "31": {
        "mean": 0.5112945119396732,
        "max": 0.5612903225806452,
        "min": 0.432258064516129
    },
    "34": {
        "mean": 0.5105024487574823,
        "max": 0.6216216216216216,
        "min": 0.4189189189189189
    },
    "39": {
        "mean": 0.5431117358969708,
        "max": 0.5743243243243243,
        "min": 0.5202702702702703
    }
}