{
  "2": {
    "mean": 0.6439393921331926,
    "max": 0.78125,
    "min": 0.5625,
    "n_batches": 11
  },
  "31": {
    "mean": 0.559375,
    "max": 0.71875,
    "min": 0.40625,
    "n_batches": 10
  },
  "21": {
    "mean": 0.53125,
    "max": 0.71875,
    "min": 0.375,
    "n_batches": 10
  },
  "1": {
    "mean": 0.540625,
    "max": 0.65625,
    "min": 0.46875,
    "n_batches": 10
  },
  "9": {
    "mean": 0.4875,
    "max": 0.5,
    "min": 0.4375,
    "n_batches": 10
  },
  "5": {
    "mean": 0.5783333361148835,
    "max": 0.65625,
    "min": 0.5,
    "n_batches": 10
  },
  "39": {
    "mean": 0.575,
    "max": 0.8125,
    "min": 0.46875,
    "n_batches": 10
  },
  "34": {
    "mean": 0.50625,
    "max": 0.59375,
    "min": 0.46875,
    "n_batches": 10
  }
}