{
    "1": {
        "mean": 0.5411257763975156,
        "max": 0.59375,
        "min": 0.50625
    },
    "2": {
        "mean": 0.5403388278388278,
        "max": 0.6035502958579881,
        "min": 0.5
    },
    "5": {
        "mean": 0.5304520440251573,
        "max": 0.5911949685534591,
        "min": 0.5031446540880503
    },
    "9": {
        "mean": 0.5424340044742728,
        "max": 0.6266666666666667,
        "min": 0.5066666666666667
    },
    "21": {
        "mean": 0.532196029776675,
        "max": 0.5741935483870968,
        "min": 0.5096774193548387
    },
    "31": {
        "mean": 0.5351654796816087,
        "max": 0.567741935483871,
        "min": 0.5032258064516129
    },
    "34": {
        "mean": 0.55840740068928,
        "max": 0.6216216216216216,
        "min": 0.5202702702702703
    },
    "39": {
        "mean": 0.5424405949573735,
        "max": 0.5743243243243243,
        "min": 0.5167785234899329
    }
}