{
  "fold_best_acc": [
    0.6392045454545454,
    0.559375,
    0.515625,
    0.525,
    0.4745833337306976,
    0.5722916662693024,
    0.5895833313465119,
    0.5052083313465119
  ],
  "mean": 0.5476089010184462,
  "std": 0.04945195772480127,
  "max": 0.6392045454545454,
  "min": 0.4745833337306976
}