{
  "2": {
    "mean": 0.62689394029704,
    "max": 0.8125,
    "min": 0.4583333432674408,
    "n_batches": 11
  },
  "31": {
    "mean": 0.55625,
    "max": 0.65625,
    "min": 0.46875,
    "n_batches": 10
  },
  "21": {
    "mean": 0.521875,
    "max": 0.65625,
    "min": 0.28125,
    "n_batches": 10
  },
  "1": {
    "mean": 0.515625,
    "max": 0.5625,
    "min": 0.4375,
    "n_batches": 10
  },
  "9": {
    "mean": 0.4902083337306976,
    "max": 0.5625,
    "min": 0.375,
    "n_batches": 10
  },
  "5": {
    "mean": 0.5720833361148834,
    "max": 0.6875,
    "min": 0.40625,
    "n_batches": 10
  },
  "39": {
    "mean": 0.5697916686534882,
    "max": 0.6875,
    "min": 0.40625,
    "n_batches": 10
  },
  "34": {
    "mean": 0.50625,
    "max": 0.53125,
    "min": 0.46875,
    "n_batches": 10
  }
}