{
  "2": {
    "mean": 0.6335227272727273,
    "max": 0.71875,
    "min": 0.5625,
    "n_batches": 11
  },
  "31": {
    "mean": 0.559375,
    "max": 0.625,
    "min": 0.46875,
    "n_batches": 10
  },
  "21": {
    "mean": 0.525,
    "max": 0.625,
    "min": 0.4375,
    "n_batches": 10
  },
  "1": {
    "mean": 0.53125,
    "max": 0.625,
    "min": 0.4375,
    "n_batches": 10
  },
  "9": {
    "mean": 0.5029166668653489,
    "max": 0.625,
    "min": 0.34375,
    "n_batches": 10
  },
  "5": {
    "mean": 0.55,
    "max": 0.625,
    "min": 0.40625,
    "n_batches": 10
  },
  "39": {
    "mean": 0.5302083313465118,
    "max": 0.71875,
    "min": 0.40625,
    "n_batches": 10
  },
  "34": {
    "mean": 0.503125,
    "max": 0.53125,
    "min": 0.46875,
    "n_batches": 10
  }
}