{
  "fold_best_acc": [
    0.6335227272727273,
    0.559375,
    0.525,
    0.53125,
    0.5029166668653489,
    0.55,
    0.5302083313465118,
    0.503125
  ],
  "mean": 0.5419247156855735,
  "std": 0.039250212410510917,
  "max": 0.6335227272727273,
  "min": 0.5029166668653489
}