{
  "fold_best_acc": [
    0.62689394029704,
    0.55625,
    0.521875,
    0.515625,
    0.4902083337306976,
    0.5720833361148834,
    0.5697916686534882,
    0.50625
  ],
  "mean": 0.5448721598495136,
  "std": 0.0419561208062144,
  "max": 0.62689394029704,
  "min": 0.4902083337306976
}