{
  "fold_best_acc": [
    0.6439393921331926,
    0.559375,
    0.53125,
    0.540625,
    0.4875,
    0.5783333361148835,
    0.575,
    0.50625
  ],
  "mean": 0.5527840910310096,
  "std": 0.04546706813288205,
  "max": 0.6439393921331926,
  "min": 0.4875
}