{
  "2": {
    "mean": 0.6392045454545454,
    "max": 0.71875,
    "min": 0.5,
    "n_batches": 11
  },
  "31": {
    "mean": 0.559375,
    "max": 0.6875,
    "min": 0.46875,
    "n_batches": 10
  },
  "21": {
    "mean": 0.515625,
    "max": 0.6875,
    "min": 0.4375,
    "n_batches": 10
  },
  "1": {
    "mean": 0.525,
    "max": 0.65625,
    "min": 0.46875,
    "n_batches": 10
  },
  "9": {
    "mean": 0.4745833337306976,
    "max": 0.65625,
    "min": 0.375,
    "n_batches": 10
  },
  "5": {
    "mean": 0.5722916662693024,
    "max": 0.6875,
    "min": 0.40625,
    "n_batches": 10
  },
  "39": {
    "mean": 0.5895833313465119,
    "max": 0.8125,
    "min": 0.40625,
    "n_batches": 10
  },
  "34": {
    "mean": 0.5052083313465119,
    "max": 0.5833333134651184,
    "min": 0.46875,
    "n_batches": 10
  }
}