{
  "2": {
    "mean": 0.6174242442304437,
    "max": 0.875,
    "min": 0.46875,
    "n_batches": 11
  },
  "31": {
    "mean": 0.534375,
    "max": 0.625,
    "min": 0.4375,
    "n_batches": 10
  },
  "21": {
    "mean": 0.50625,
    "max": 0.59375,
    "min": 0.4375,
    "n_batches": 10
  },
  "1": {
    "mean": 0.5625,
    "max": 0.6875,
    "min": 0.4375,
    "n_batches": 10
  },
  "9": {
    "mean": 0.5539583325386047,
    "max": 0.65625,
    "min": 0.46875,
    "n_batches": 10
  },
  "5": {
    "mean": 0.575,
    "max": 0.6875,
    "min": 0.5,
    "n_batches": 10
  },
  "39": {
    "mean": 0.5510416686534881,
    "max": 0.6666666865348816,
    "min": 0.4375,
    "n_batches": 10
  },
  "34": {
    "mean": 0.5354166686534881,
    "max": 0.6666666865348816,
    "min": 0.40625,
    "n_batches": 10
  }
}