{
  "fold_best_acc": [
    0.6174242442304437,
    0.534375,
    0.50625,
    0.5625,
    0.5539583325386047,
    0.575,
    0.5510416686534881,
    0.5354166686534881
  ],
  "mean": 0.5544957392595031,
  "std": 0.030727055436461478,
  "max": 0.6174242442304437,
  "min": 0.50625
}